"Reporting starts","Reporting ends","Campaign name","Campaign delivery",Results,"Result indicator","Cost per results","Ad set budget","Ad set budget type","Amount spent (INR)",Impressions,Reach,Ends,"Attribution setting","Mobile app installs"
2026-09-01,2026-09-16,"Consideration from Awareness-26.03.26",active,3,actions:offsite_conversion.fb_pixel_initiate_checkout,21596.16,7000,Daily,64788.48,205951,59673,Ongoing,"7-day click, 1-day view or 1-day engaged view",68
2026-09-01,2026-09-16,"Franchise Leads - CBO  - NC",active,512,actions:leadgen.other,92.23347656,3000,Daily,47223.54,182695,92585,Ongoing,"7-day click or 1-day view",
2026-09-01,2026-09-16,"Installs - RM - NC",active,,,,"Using ad set budget",0,38991.36,232707,35174,Ongoing,"Multiple attribution settings",
2026-09-01,2026-09-16,"AppInstall - iOS - All Cities - NC - 12Sep - Ganesha",active,722,actions:mobile_app_install,55.07608033,6000,Daily,39764.93,559535,256957,Ongoing,"1-day click",722
2026-09-01,2026-09-16,"Franchise - Segment Target",active,1116,actions:leadgen.other,42.45724014,3000,Daily,47382.28,362034,187538,Ongoing,"7-day click or 1-day view",33
2026-09-01,2026-09-16,APP_Acquisition_InAppPurchases_Tier1&2_8-6-26_android,inactive,920,actions:mobile_app_install,14.40918478,"Using ad set budget",0,13256.45,465767,307084,Ongoing,"1-day click, 1-day view or 1-day engaged view",920
2026-09-01,2026-09-16,"AppInstall - Android - All Cities - NC - New",inactive,1348,actions:mobile_app_install,32.74933976,7000,Daily,44146.11,928899,454358,Ongoing,"1-day click, 1-day view or 1-day engaged view",1348
2026-09-01,2026-09-16,"App Install - Broad - Android - Old - Pause 10Sep",inactive,195,actions:mobile_app_install,22.32523077,3000,Daily,4353.42,112806,85021,Ongoing,"1-day click, 1-day view or 1-day engaged view",195
2026-09-01,2026-09-16,"App Install - Lookalike - Android - Old - Pause 10Sep",inactive,68,actions:mobile_app_install,18.24235294,"Using ad set budget",0,1240.48,22619,18038,Ongoing,"1-day click, 1-day view or 1-day engaged view",68
2026-09-01,2026-09-16,"App Install - Broad - IOS 1",inactive,,,,"Using ad set budget",0,0,0,0,Ongoing,"1-day click",
2026-09-01,2026-09-16,"App Install - Broad - IOS 2",inactive,,,,"Using ad set budget",0,0,0,0,Ongoing,-,
2026-09-01,2026-09-16,"App Install - Lookalike - IOS 1",inactive,,,,"Using ad set budget",0,0,0,0,Ongoing,"1-day click",
2026-09-01,2026-09-16,"App Install - Lookalike - IOS 2",inactive,,,,"Using ad set budget",0,0,0,0,Ongoing,-,
2026-09-01,2026-09-16,"App Install - Interest - Android - Old - Pause 10Sep",inactive,487,actions:mobile_app_install,22.86174538,4000,Daily,11133.67,297842,207749,Ongoing,"1-day click, 1-day view or 1-day engaged view",487
2026-09-01,2026-09-16,"App Install - Interest - IOS 1 – New",inactive,,,,"Using ad set budget",0,0,0,0,Ongoing,"1-day click",
2026-09-01,2026-09-16,"App Install - Interest - IOS 2 – new",inactive,,,,"Using ad set budget",0,0,0,0,Ongoing,"1-day click",
2026-09-01,2026-09-16,"App Install - Interest - Android- CBO",inactive,23,actions:mobile_app_install,11.13391304,500,Daily,256.08,7632,7033,Ongoing,"1-day click, 1-day view or 1-day engaged view",23
2026-09-01,2026-09-16,"App Install - Interest - IOS 1 – CBO",inactive,,,,2000,Daily,0,0,0,Ongoing,"1-day click",
2026-09-01,2026-09-16,"Android - All Cities - NC - 16July - 19Aug",inactive,5055,actions:mobile_app_install,30.60725816,15000,Daily,154719.69,3430419,1281227,Ongoing,"1-day click, 1-day view or 1-day engaged view",5055
2026-09-01,2026-09-16,"Event Campaign - NC - iOS",active,424,actions:mobile_app_install,18.96872642,500,Daily,8042.74,101797,73762,Ongoing,"1-day click",424
2026-09-01,2026-09-16,"App Install - Broad - IOS - All Cities",inactive,,,,3000,Daily,0,0,0,Ongoing,"1-day click",
2026-09-01,2026-09-16,"App Install - Interest - IOS - All Cities",inactive,,,,5000,Daily,0,0,0,Ongoing,"1-day click",
2026-09-01,2026-09-16,"Event Campaign - NC - Android",active,601,actions:mobile_app_install,13.39660566,500,Daily,8051.36,72670,52398,Ongoing,"1-day click, 1-day view or 1-day engaged view",601
2026-09-01,2026-09-16,"App Install - Lookalike - IOS - All Cities",inactive,,,,5000,Daily,0,0,0,Ongoing,"1-day click",
2026-09-01,2026-09-16,"RM - Initiate Checkout - NC - 16Sep - Updated",active,,,,5000,Daily,78907.52,466894,127913,Ongoing,"Multiple attribution settings",144
2026-09-01,2026-09-16,IC_Conv_Int_Adv+_241024,inactive,,,,"Using ad set budget",0,0,0,0,Ongoing,-,
2026-09-01,2026-09-16,Elefant_WebsiteLeads_InterestTargetings_191224,inactive,,,,"Using ad set budget",0,0,0,0,Ongoing,-,
2026-09-01,2026-09-16,Elefant_WebsitePurchases_NewAudiences_050225,inactive,,,,"Using ad set budget",0,0,0,0,Ongoing,-,
2026-09-01,2026-09-16,"Lookalike - IOS - Install - NC - 12082026",inactive,,,,7000,Daily,0,0,0,Ongoing,-,
2026-09-01,2026-09-16,"Lookalike - IOS - Install - NC - 13082026",inactive,,,,1000,Daily,0,0,0,Ongoing,"1-day click",
2026-09-01,2026-09-16,"Interest - IOS - Install - NC - 13082026",inactive,,,,7000,Daily,0,0,0,Ongoing,"1-day click",
2026-09-01,2026-09-16,"Broad - IOS - Install - NC - 13082026",inactive,,,,1000,Daily,0,0,0,Ongoing,"1-day click",
2026-09-01,2026-09-16,"Jain Community - Abd-MB-BG - iOS",active,1059,actions:mobile_app_install,30.08462701,2000,Daily,31859.62,349415,191415,Ongoing,"1-day click",1059
2026-09-01,2026-09-16,"Jain Community - Abd-MB-BG - Android",active,1531,actions:mobile_app_install,21.006597,2000,Daily,32161.1,429840,219113,Ongoing,"1-day click, 1-day view or 1-day engaged view",1531
2026-09-01,2026-09-16,"iOS - Install - 18Aug2026",inactive,,,,6000,Daily,0,0,0,Ongoing,"1-day click",
2026-09-01,2026-09-16,"Android - Install - 18Aug2026",inactive,,,,6000,Daily,0,0,0,Ongoing,"1-day click, 1-day view or 1-day engaged view",
2026-09-01,2026-09-16,"iOS - Install - 12Sep - Ganesha - Updated",active,797,actions:mobile_app_install,59.80454203,15000,Daily,47664.22,600975,260369,Ongoing,"1-day click",797
2026-09-01,2026-09-16,"Android - Install - 18Aug2026 - New",inactive,790,actions:mobile_app_install,60.51277215,10000,Daily,47805.09,926706,430150,Ongoing,"1-day click, 1-day view or 1-day engaged view",790
2026-09-01,2026-09-16,"RM - Initiate Checkout - NC - 1Aug",inactive,18,conversions:app_custom_event.payment_initiated,2544.18388889,3000,Daily,45795.31,260597,45705,Ongoing,"1-day click",
2026-09-01,2026-09-16,"Rakhi - Android - All Cities - 27Aug",inactive,,,,5000,Daily,0,0,0,Ongoing,"1-day click, 1-day view or 1-day engaged view",
2026-09-01,2026-09-16,"Rakhi - iOS - All Cities - 27Aug - Copy",inactive,,,,3000,Daily,0,0,0,Ongoing,"From Apple's SKAdNetwork API [Click-through attribution]",
2026-09-01,2026-09-16,"Rakhi - LP - All Cities - 28Aug",inactive,9,actions:omni_landing_page_view,0,3000,Daily,0,0,0,Ongoing,"7-day click or 1-day view",
2026-09-01,2026-09-16,"Janmashtami - LP - All Cities - 02Sep",inactive,10785,actions:omni_landing_page_view,1.35831525,3000,Daily,14649.43,304000,210338,Ongoing,"7-day click or 1-day view",20
2026-09-01,2026-09-16,"Janmashtami - Android - All Cities - 03Sep",inactive,7,conversions:app_custom_event.payment_initiated,2795.21428571,5000,Daily,19566.5,195903,85369,Ongoing,"7-day click",379
2026-09-01,2026-09-16,"Janmashtami - iOS - All Cities - 03Sep",inactive,22,conversions:app_custom_event.payment_initiated,847.75681818,5000,Daily,18650.65,153255,54509,Ongoing,"7-day click",284
2026-09-01,2026-09-16,AppInstall-Lookalike-Android-10Sep,active,1431,actions:mobile_app_install,33.47642208,7000,Daily,47904.76,396155,220412,Ongoing,"1-day click, 1-day view or 1-day engaged view",1431
2026-09-01,2026-09-16,AppInstall-Broad-Android-10Sep,active,855,actions:mobile_app_install,46.39045614,7000,Daily,39663.84,683512,363478,Ongoing,"1-day click, 1-day view or 1-day engaged view",855
2026-09-01,2026-09-16,AppInstall-Interest-Android-10Sep,active,1042,actions:mobile_app_install,42.88614203,7000,Daily,44687.36,752999,422369,Ongoing,"1-day click, 1-day view or 1-day engaged view",1042
2026-09-01,2026-09-16,"Ganesha - iOS - All Cities - 11Sep",inactive,,,,5000,Daily,3685.83,27114,17985,Ongoing,"7-day click",36
2026-09-01,2026-09-16,"Ganesha - Android - All Cities - 11Sep",active,17,conversions:app_custom_event.payment_initiated,1903.27411765,7000,Daily,32355.66,322478,122322,Ongoing,"7-day click",503
2026-09-01,2026-09-16,IC_Conv_Int_Parenting_070824,inactive,,,,"Using ad set budget",0,0,0,0,Ongoing,-,
2026-09-01,2026-09-16,IC_Conv_Open_PostalCode-ABO_V1_090824,inactive,,,,"Using ad set budget",0,0,0,0,Ongoing,-,
2026-09-01,2026-09-16,Elefant_Purchases_Remarketing_150225,inactive,,,,"Using ad set budget",0,0,0,0,Ongoing,-,
2026-09-01,2026-09-16,Sales_hiring,inactive,,,,"Using ad set budget",0,0,0,0,Ongoing,-,
2026-09-01,2026-09-16,"🟠 [01] - MB - the Elefant - Cold - Website Purchase - GT1 -  ABO",inactive,,,,"Using ad set budget",0,0,0,0,Ongoing,-,
2026-09-01,2026-09-16,"Sales APRO Aud – Copy",inactive,,,,"Using ad set budget",0,0,0,0,Ongoing,-,
2026-09-01,2026-09-16,"Remarketing with trail plan",inactive,,,,3000,Daily,0,0,0,Ongoing,-,
2026-09-01,2026-09-16,"appInsatalls with Sourabh and Vidhi creative – Copy18.08.25",inactive,,,,3500,Daily,0,0,0,Ongoing,-,
2026-09-01,2026-09-16,Websitesale_Shark_tank_page_05.09.25,inactive,,,,2500,Daily,0,0,0,Ongoing,-,
2026-09-01,2026-09-16,"appInsatalls with Sourabh and Vidhi creative – Copy 218.08.25",inactive,,,,3500,Daily,0,0,0,Ongoing,-,
2026-09-01,2026-09-16,"App Insatll with omneky creative",inactive,,,,1800,Daily,0,0,0,Ongoing,-,
2026-09-01,2026-09-16,"Party Rental - call now - Pune",inactive,,,,1000,Daily,0,0,0,Ongoing,-,
2026-09-01,2026-09-16,DirectSales_LookalikeSubscribers,inactive,,,,3000,Daily,0,0,0,Ongoing,-,
2026-09-01,2026-09-16,Jan'26_Whatsapp_Top25Pincodes_MUM,inactive,,,,"Using ad set budget",0,0,0,0,Ongoing,-,
2026-09-01,2026-09-16,"One Month Trial _1hr Delivery",inactive,,,,"Using ad set budget",0,0,0,0,Ongoing,-,
2026-09-01,2026-09-16,AppDownload_Campaign_ios,inactive,,,,"Using ad set budget",0,0,0,0,Ongoing,-,
2026-09-01,2026-09-16,AppDownload_Campaign_Android,inactive,,,,"Using ad set budget",0,0,0,0,Ongoing,-,
2026-09-01,2026-09-16,"Retarget-App Conversion-InAppPurchase",inactive,,,,2000,Daily,0,0,0,Ongoing,-,
2026-09-01,2026-09-16,EleFantSubscription-Awareness-SubscribeNow,inactive,,,,"Using ad set budget",0,0,0,0,Ongoing,-,
2026-09-01,2026-09-16,EleFantSubscription-Retargeting-SubscribeNow-Android,inactive,,,,1000,Daily,0,0,0,Ongoing,-,
2026-09-01,2026-09-16,"Conversion-App Install-25%OFF-Android&ios",inactive,,,,"Using ad set budget",0,0,0,0,Ongoing,-,
2026-09-01,2026-09-16,"Awareness iOS Install - CBO - NC1",inactive,,,,1000,Daily,0,0,0,Ongoing,-,
2026-09-01,2026-09-16,"Android - App-Install - All - NC",inactive,,,,1000,Daily,0,0,0,Ongoing,-,
2026-09-01,2026-09-16,"Installs - RM1 - NC",inactive,,,,200,Daily,0,0,0,Ongoing,-,
2026-09-01,2026-09-16,"Event - Franchise India",inactive,,,,3000,Daily,0,0,0,Ongoing,-,
2026-09-01,2026-09-16,IC_Conv_PinCode_151024,inactive,,,,"Using ad set budget",0,0,0,0,Ongoing,-,
2026-09-01,2026-09-16,Elefant_AppInstalls_with_app_conversion_event,inactive,,,,"Using ad set budget",0,0,0,0,Ongoing,-,
2026-09-01,2026-09-16,Website_purchase_New_TA,inactive,,,,"Using ad set budget",0,0,0,0,Ongoing,-,
2026-09-01,2026-09-16,Appinstall_stepwise,inactive,,,,"Using ad set budget",0,0,0,0,Ongoing,-,
2026-09-01,2026-09-16,"Remarketing with 4 new ads",inactive,,,,2500,Daily,0,0,0,Ongoing,-,
2026-09-01,2026-09-16,"App Install with Vidhi Dopamine video",inactive,,,,2500,Daily,0,0,0,Ongoing,-,
2026-09-01,2026-09-16,Appinstall_28_08_25_Android_IOS_PinCode_Targeted,inactive,,,,5700,Daily,0,0,0,Ongoing,-,
2026-09-01,2026-09-16,"Elefant_WebsiteLeads_InterestTargetings_191224 – Copy 2",inactive,,,,4999,Daily,0,0,0,Ongoing,-,
2026-09-01,2026-09-16,"App install desi creative – Copy",inactive,,,,"Using ad set budget",0,0,0,0,Ongoing,-,
2026-09-01,2026-09-16,"Party Rental - call now - Mumbai",inactive,,,,1000,Daily,0,0,0,Ongoing,-,
2026-09-01,2026-09-16,Bipasha-Reach-Campaign,inactive,,,,"Using ad set budget",0,0,0,0,Ongoing,-,
2026-09-01,2026-09-16,"Bipasha-ahm-beyondchat-awareness Campaign",inactive,,,,"Using ad set budget",0,0,0,0,Ongoing,-,
2026-09-01,2026-09-16,Jan'26_Whatsapp_Top25Pincodes_BLR,inactive,,,,"Using ad set budget",0,0,0,0,Ongoing,-,
2026-09-01,2026-09-16,"Subscribe Now - Mumbai - Awareness",inactive,,,,"Using ad set budget",0,0,0,0,Ongoing,-,
2026-09-01,2026-09-16,"Retarget - Subscribe-Now - 40% OFF",inactive,,,,"Using ad set budget",0,0,0,0,Ongoing,-,
2026-09-01,2026-09-16,"App Install - Top 5 Cities",inactive,,,,"Using ad set budget",0,0,0,0,Ongoing,-,
2026-09-01,2026-09-16,EleFantSubscription-Retargeting-SubscribeNow,inactive,,,,1000,Daily,0,0,0,Ongoing,-,
2026-09-01,2026-09-16,"Awareness Android Install - CBO - NC",inactive,,,,1100,Daily,0,0,0,Ongoing,-,
2026-09-01,2026-09-16,"Awareness iOS Install - CBO - NC2",inactive,,,,3000,Daily,0,0,0,Ongoing,-,
2026-09-01,2026-09-16,"Traffic - CBO - BuyBack - NC",inactive,,,,480,Daily,0,0,0,Ongoing,-,
2026-09-01,2026-09-16,"Catalog BuyBack - NC",inactive,,,,1000,Daily,0,0,0,Ongoing,-,
2026-09-01,2026-09-16,"iOS-Direct- LL- NC",inactive,,,,1000,Daily,0,0,0,Ongoing,-,
2026-09-01,2026-09-16,"Android-Direct- LL- NC",inactive,,,,1000,Daily,0,0,0,Ongoing,-,
2026-09-01,2026-09-16,APP_Acquisition_InAppPurchases_Tier1&2_8-6-26_IOS,inactive,,,,"Using ad set budget",0,0,0,0,Ongoing,-,
2026-09-01,2026-09-16,"App Install - Interest - IOS 2-old",inactive,,,,"Using ad set budget",0,0,0,0,Ongoing,-,
2026-09-01,2026-09-16,IC_Conv_Remarketing_120824,inactive,,,,"Using ad set budget",0,0,0,0,Ongoing,-,
2026-09-01,2026-09-16,IC_AI_Android_Events_Login_DiwaliSale_271024,inactive,,,,"Using ad set budget",0,0,0,0,Ongoing,-,
2026-09-01,2026-09-16,IC_Lead_Form_Campaign_081124,inactive,,,,"Using ad set budget",0,0,0,0,Ongoing,-,
2026-09-01,2026-09-16,IKFW_Retarget,inactive,,,,1000,Daily,0,0,0,Ongoing,-,
2026-09-01,2026-09-16,"🟠 [02] MB - the Elefant - Cold - Website Purchase - GT2 -  Shopping+ Campaign",inactive,,,,"Using ad set budget",0,0,0,0,Ongoing,-,
2026-09-01,2026-09-16,"appInsatalls with Sourabh and Vidhi creative",inactive,,,,3500,Daily,0,0,0,Ongoing,-,
2026-09-01,2026-09-16,"Awareness Campaign with static image (male)",inactive,,,,"Using ad set budget",0,0,0,0,Ongoing,-,
2026-09-01,2026-09-16,"Awareness Campaign with static image (female)",inactive,,,,"Using ad set budget",0,0,0,0,Ongoing,-,
2026-09-01,2026-09-16,CBO_Leads_InbuiltAudiance_Lookalike_Interest+Broad_18.08.25,inactive,,,,1600,Daily,0,0,0,Ongoing,-,
2026-09-01,2026-09-16,"New App install vidihi brain tools video",inactive,,,,1500,Daily,0,0,0,Ongoing,-,
2026-09-01,2026-09-16,"App Install with android pincode and inapp events",inactive,,,,1000,Daily,0,0,0,Ongoing,-,
2026-09-01,2026-09-16,"Appinstall Android pincode  price comparison video",inactive,,,,3000,Daily,0,0,0,Ongoing,-,
2026-09-01,2026-09-16,"Subscribe Now - BLR - Awareness",inactive,,,,"Using ad set budget",0,0,0,0,Ongoing,-,
2026-09-01,2026-09-16,"Franchise - Lead Gen",inactive,,,,"Using ad set budget",0,0,0,0,Ongoing,-,
2026-09-01,2026-09-16,"Nagpur Awareness Campaign-MH3140",inactive,,,,"Using ad set budget",0,0,0,0,Ongoing,-,
2026-09-01,2026-09-16,"Shark Tank _ Lead Form_MUM_PNQ_HYD_BLR",inactive,,,,2000,Daily,0,0,0,Ongoing,-,
2026-09-01,2026-09-16,Appinstall-CBO-IOS,inactive,,,,2500,Daily,0,0,0,Ongoing,-,
2026-09-01,2026-09-16,Awareness-B2B,inactive,,,,"Using ad set budget",0,0,0,0,Ongoing,-,
2026-09-01,2026-09-16,"Visitors + Known - Checkout - NC",inactive,,,,800,Daily,0,0,0,Ongoing,-,
2026-09-01,2026-09-16,"Visitors + Known - Checkout - NC - Copy",inactive,,,,1000,Daily,0,0,0,Ongoing,-,
2026-09-01,2026-09-16,"iOS-Direct- Purchase - NC",inactive,,,,1000,Daily,0,0,0,Ongoing,-,
2026-09-01,2026-09-16,"Insta RM - NC",inactive,,,,"Using ad set budget",0,0,0,0,Ongoing,-,
2026-09-01,2026-09-16,Consideration-Android-Test-NC,inactive,,,,"Using ad set budget",0,0,0,0,Ongoing,-,
2026-09-01,2026-09-16,"APP_Acquisition_InAppPurchases_Tier1&2_15-6-26_IOS – Copy",inactive,,,,"Using ad set budget",0,0,0,0,Ongoing,-,
2026-09-01,2026-09-16,"Test Campaign",not_delivering,,,,"Using ad set budget",0,0,0,0,Ongoing,-,
2026-09-01,2026-09-16,IC_App_Install_Sale_Campaign_111124,inactive,,,,"Using ad set budget",0,0,0,0,Ongoing,-,
2026-09-01,2026-09-16,"Elefant_WebsiteLeads_InterestTargetings_191224 – Copy",inactive,,,,"Using ad set budget",0,0,0,0,Ongoing,-,
2026-09-01,2026-09-16,"New remarketing sonali ad",inactive,,,,"Using ad set budget",0,0,0,0,Ongoing,-,
2026-09-01,2026-09-16,"App install gatekeeping ad",inactive,,,,"Using ad set budget",0,0,0,0,Ongoing,-,
2026-09-01,2026-09-16,"App install desi creative",inactive,,,,"Using ad set budget",0,0,0,0,Ongoing,-,
2026-09-01,2026-09-16,"Remarketing with taraju creative",inactive,,,,1500,Daily,0,0,0,Ongoing,-,
2026-09-01,2026-09-16,"Website Creative_Cold Audience",inactive,,,,"Using ad set budget",0,0,0,0,Ongoing,-,
2026-09-01,2026-09-16,"Sales APRO Aud",inactive,,,,2000,Daily,0,0,0,Ongoing,-,
2026-09-01,2026-09-16,"Awareness campaign with Vidhi",inactive,,,,"Using ad set budget",0,0,0,0,Ongoing,-,
2026-09-01,2026-09-16,"App Install is more fun - Checked AB",inactive,,,,1000,Daily,0,0,0,Ongoing,-,
2026-09-01,2026-09-16,"Party Rental - call now - Ahmedabad",inactive,,,,1000,Daily,0,0,0,Ongoing,-,
2026-09-01,2026-09-16,"Party Rental - call now - Gurugram",inactive,,,,1000,Daily,0,0,0,Ongoing,-,
2026-09-01,2026-09-16,"App Install_Lookalike_ios_AB",inactive,,,,"Using ad set budget",0,0,0,0,Ongoing,-,
2026-09-01,2026-09-16,"App Install_Lookalike_orderwisepincodes",inactive,,,,"Using ad set budget",0,0,0,0,Ongoing,-,
2026-09-01,2026-09-16,"Retarget- Types of Toys-Ahmedabad",inactive,,,,2000,Daily,0,0,0,Ongoing,-,
2026-09-01,2026-09-16,Jan'26_Whatsapp_Top25Pincodes_AHM,inactive,,,,"Using ad set budget",0,0,0,0,Ongoing,-,
2026-09-01,2026-09-16,"Subscribe Now- AHM_MUM_PNQ_DEL_BLR",inactive,,,,"Using ad set budget",0,0,0,0,Ongoing,-,
2026-09-01,2026-09-16,Retarget_SharkTank,inactive,,,,2000,Daily,0,0,0,Ongoing,-,
2026-09-01,2026-09-16,Appinstall-CBO-Android,inactive,,,,2500,Daily,0,0,0,Ongoing,-,
2026-09-01,2026-09-16,EleFantSubscription-Retargeting-SubscribeNow-IOS,inactive,,,,1000,Daily,0,0,0,Ongoing,-,
2026-09-01,2026-09-16,"Awareness iOS Install - NC",inactive,,,,"Using ad set budget",0,0,0,0,Ongoing,-,
2026-09-01,2026-09-16,"iOS - App-Install - All - NC",inactive,,,,700,Daily,0,0,0,Ongoing,-,
2026-09-01,2026-09-16,"iOS-Direct- LL- NC1",inactive,,,,1000,Daily,0,0,0,Ongoing,-,
2026-09-01,2026-09-16,"APP_Acquisition_InAppPurchases_Tier1&2_6-6-26_android – Copy",inactive,,,,"Using ad set budget",0,0,0,0,Ongoing,-,
2026-09-01,2026-09-16,"Event Campaign - NC",inactive,,,,"Using ad set budget",0,0,0,0,Ongoing,-,
2026-09-01,2026-09-16,"[01] Librarian1",inactive,,,,"Using ad set budget",0,0,0,0,Ongoing,-,
2026-09-01,2026-09-16,"[02] Librarian2",inactive,,,,"Using ad set budget",0,0,0,0,Ongoing,-,
2026-09-01,2026-09-16,"[11] New Engagement campaign",inactive,,,,"Using ad set budget",0,0,0,0,Ongoing,-,
2026-09-01,2026-09-16,"[16] carousel hindi Post",inactive,,,,"Using ad set budget",0,0,0,0,Ongoing,-,
2026-09-01,2026-09-16,"[17] Lead campaign 2",inactive,,,,"Using ad set budget",0,0,0,0,Ongoing,-,
2026-09-01,2026-09-16,"[18] Carousel Post _ ENG",inactive,,,,"Using ad set budget",0,0,0,0,Ongoing,-,
2026-09-01,2026-09-16,"[19] Lead Campaign Noida & Bangalore",inactive,,,,"Using ad set budget",0,0,0,0,Ongoing,-,
2026-09-01,2026-09-16,"[20] Retargetting",inactive,,,,"Using ad set budget",0,0,0,0,Ongoing,-,
2026-09-01,2026-09-16,"[21] Diwalioffer_leads",inactive,,,,"Using ad set budget",0,0,0,0,Ongoing,-,
2026-09-01,2026-09-16,"[24] App_Install_campaign_Android_NOV_2023",inactive,,,,"Using ad set budget",0,0,0,0,1970-01-01,-,
2026-09-01,2026-09-16,"[27] Librarian – Gurgaon",inactive,,,,"Using ad set budget",0,0,0,0,Ongoing,-,
2026-09-01,2026-09-16,"[28] 6+6offer_retargetting",inactive,,,,"Using ad set budget",0,0,0,0,Ongoing,-,
2026-09-01,2026-09-16,"[29] App promotion campaign",inactive,,,,"Using ad set budget",0,0,0,0,Ongoing,-,
2026-09-01,2026-09-16,"[30] offer leads",inactive,,,,"Using ad set budget",0,0,0,0,Ongoing,-,
2026-09-01,2026-09-16,"[32] channel_partner-leads",inactive,,,,"Using ad set budget",0,0,0,0,Ongoing,-,
2026-09-01,2026-09-16,"Purchase_website – Copy",inactive,,,,"Using ad set budget",0,0,0,0,Ongoing,-,
2026-09-01,2026-09-16,Elefant_LeadForm_Parents_061224,inactive,,,,"Using ad set budget",0,0,0,0,Ongoing,-,
2026-09-01,2026-09-16,"New remarketing sonali creative(hack)",inactive,,,,2500,Daily,0,0,0,Ongoing,-,
2026-09-01,2026-09-16,"IKFW Awareness campaign",inactive,,,,"Using ad set budget",0,0,0,0,Ongoing,-,
2026-09-01,2026-09-16,"App Install- Sourabh & Vidhi - checked AB",inactive,,,,1000,Daily,0,0,0,Ongoing,-,
2026-09-01,2026-09-16,"Elefant_AppInstalls_with_app_conversion_event – Copy",inactive,,,,1500,Daily,0,0,0,Ongoing,-,
2026-09-01,2026-09-16,"Party Rental - call now - Delhi",inactive,,,,1000,Daily,0,0,0,Ongoing,-,
2026-09-01,2026-09-16,"AppInstall - Android - All Cities - NC - Old",inactive,,,,1000,Daily,0,0,0,Ongoing,-,
2026-09-01,2026-09-16,"App Install - Interest - IOS 1-old",inactive,,,,"Using ad set budget",0,0,0,0,Ongoing,-,
2026-09-01,2026-09-16,"Community Audience - NC",inactive,,,,"Using ad set budget",0,0,0,0,Ongoing,-,
2026-09-01,2026-09-16,"[23] App_Install_Campaign_NOV_2023_iOS Campaign",inactive,,,,"Using ad set budget",0,0,0,0,1970-01-01,-,
2026-09-01,2026-09-16,"[25] Jaipur_Library_Invitation",inactive,,,,"Using ad set budget",0,0,0,0,Ongoing,-,
2026-09-01,2026-09-16,"[31] ios Appninstall",inactive,,,,"Using ad set budget",0,0,0,0,Ongoing,-,
2026-09-01,2026-09-16,"[34] Librarian – Gurgaon /chennai/hyderabad/ahemdabad Campaign",inactive,,,,"Using ad set budget",0,0,0,0,Ongoing,-,
2026-09-01,2026-09-16,"[36] Retargetting Campaign",inactive,,,,"Using ad set budget",0,0,0,0,Ongoing,-,
2026-09-01,2026-09-16,"[35] Insta_Engagement",inactive,,,,"Using ad set budget",0,0,0,0,Ongoing,-,
2026-09-01,2026-09-16,Ahemdabad/channai/indore/kolkata/pune,inactive,,,,"Using ad set budget",0,0,0,0,Ongoing,-,
2026-09-01,2026-09-16,"[38] Gift Card Test",inactive,,,,"Using ad set budget",0,0,0,0,Ongoing,-,
2026-09-01,2026-09-16,"[39] Wheezone Invite",inactive,,,,"Using ad set budget",0,0,0,0,Ongoing,-,
2026-09-01,2026-09-16,"[40] New Traffic campaign",inactive,,,,"Using ad set budget",0,0,0,0,Ongoing,-,
2026-09-01,2026-09-16,"[41] Purchase_website",inactive,,,,"Using ad set budget",0,0,0,0,Ongoing,-,
2026-09-01,2026-09-16,"[42] Website_Retargetting",inactive,,,,"Using ad set budget",0,0,0,0,Ongoing,-,
2026-09-01,2026-09-16,IC_Leads_Librarian,inactive,,,,"Using ad set budget",0,0,0,0,Ongoing,-,
2026-09-01,2026-09-16,"[45] App promotion campaign – Retarget",inactive,,,,"Using ad set budget",0,0,0,0,Ongoing,-,
2026-09-01,2026-09-16,IC_App_Install_Campaign_June,inactive,,,,"Using ad set budget",0,0,0,0,Ongoing,-,
2026-09-01,2026-09-16,"[48] IKFW_offer Campaign",inactive,,,,"Using ad set budget",0,0,0,0,Ongoing,-,
2026-09-01,2026-09-16,"[50] growth_partner-leads - Tailored leads campaign – Copy Campaign",inactive,,,,"Using ad set budget",0,0,0,0,Ongoing,-,
2026-09-01,2026-09-16,IC_GrowthPartner_Leads_280824,inactive,,,,"Using ad set budget",0,0,0,0,Ongoing,-,
2026-09-01,2026-09-16,"[52] Librarian Leads - - Tailored leads campaign - Copy",inactive,,,,"Using ad set budget",0,0,0,0,Ongoing,-,
2026-09-01,2026-09-16,"🟠 [53] MB - the Elefant - Cold - Website Purchase - Postal code -  ABO - 31July",inactive,,,,"Using ad set budget",0,0,0,0,Ongoing,-,
2026-09-01,2026-09-16,"🟠 [54] MB - the Elefant - Cold - Website Purchase - Postal code -  ABO - 2 August",inactive,,,,"Using ad set budget",0,0,0,0,Ongoing,-,
2026-09-01,2026-09-16,IC_Conv_Open_PostalCode-ABO_V2_090824,inactive,,,,"Using ad set budget",0,0,0,0,Ongoing,-,
2026-09-01,2026-09-16,"Subscribe Now - AMD PNQ - Awareness",inactive,,,,"Using ad set budget",0,0,0,0,Ongoing,-,
2026-09-01,2026-09-16,APP_Acquisition_InAppPurchases_Tier1&2_6-6-26_android,inactive,,,,"Using ad set budget",0,0,0,0,Ongoing,-,
2026-09-01,2026-09-16,"App Install - Interest - Android-old",inactive,,,,"Using ad set budget",0,0,0,0,Ongoing,-,
